trial,counter,expected,lost,ms,spin
1,280000,280000,0,40.9,31
2,280000,280000,0,42.7,31
3,280000,280000,0,42.0,31
4,280000,280000,0,41.2,31
5,280000,280000,0,40.8,31
6,280000,280000,0,40.5,31
7,280000,280000,0,40.6,31
8,280000,280000,0,39.9,31
9,280000,280000,0,40.4,31
10,280000,280000,0,42.6,31
11,280000,280000,0,39.9,31
12,280000,280000,0,43.4,31
13,280000,280000,0,40.5,31
14,280000,280000,0,40.1,31
15,280000,280000,0,40.9,31
16,280000,280000,0,41.4,31
17,280000,280000,0,41.4,31
18,280000,280000,0,39.4,31
19,280000,280000,0,39.2,31
20,280000,280000,0,40.2,31
21,280000,280000,0,41.1,31
22,280000,280000,0,40.4,31
23,280000,280000,0,40.2,31
24,280000,280000,0,40.2,31
25,280000,280000,0,40.9,31
26,280000,280000,0,42.6,31
27,280000,280000,0,40.6,31
28,280000,280000,0,40.5,31
29,280000,280000,0,41.3,31
30,280000,280000,0,41.4,31
